Death Note;maps/myanimelist_most_popular_200/9453.jpg
Shingeki no Kyojin;maps/myanimelist_most_popular_200/47347.jpg
Sword Art Online;maps/myanimelist_most_popular_200/39717.jpg
Fullmetal Alchemist: Brotherhood;maps/myanimelist_most_popular_200/96541.jpg
One Punch Man;maps/myanimelist_most_popular_200/76049.jpg
Tokyo Ghoul;maps/myanimelist_most_popular_200/64449.jpg
"Steins;Gate";maps/myanimelist_most_popular_200/73199.jpg
No Game No Life;maps/myanimelist_most_popular_200/65187.jpg
Angel Beats!;maps/myanimelist_most_popular_200/22061.jpg
Naruto;maps/myanimelist_most_popular_200/17405.jpg
Code Geass: Hangyaku no Lelouch;maps/myanimelist_most_popular_200/50331.jpg
Mirai Nikki;maps/myanimelist_most_popular_200/33465.jpg
Toradora!;maps/myanimelist_most_popular_200/22128.jpg
Boku no Hero Academia;maps/myanimelist_most_popular_200/78745.jpg
Noragami;maps/myanimelist_most_popular_200/77809.jpg
Ao no Exorcist;maps/myanimelist_most_popular_200/75195.jpg
Sword Art Online II;maps/myanimelist_most_popular_200/65185.jpg
Kimi no Na wa.;maps/myanimelist_most_popular_200/87048.jpg
Naruto: Shippuuden;maps/myanimelist_most_popular_200/17407.jpg
Fairy Tail;maps/myanimelist_most_popular_200/18179.jpg
Elfen Lied;maps/myanimelist_most_popular_200/6883.jpg
Bleach;maps/myanimelist_most_popular_200/40451.jpg
Akame ga Kill!;maps/myanimelist_most_popular_200/95946.jpg
Code Geass: Hangyaku no Lelouch R2;maps/myanimelist_most_popular_200/9391.jpg
Tengen Toppa Gurren Lagann;maps/myanimelist_most_popular_200/5123.jpg
Hunter x Hunter (2011);maps/myanimelist_most_popular_200/33657.jpg
Soul Eater;maps/myanimelist_most_popular_200/7804.jpg
Kill la Kill;maps/myanimelist_most_popular_200/75514.jpg
Re:Zero kara Hajimeru Isekai Seikatsu;maps/myanimelist_most_popular_200/79410.jpg
Fullmetal Alchemist;maps/myanimelist_most_popular_200/75815.jpg
Another;maps/myanimelist_most_popular_200/75509.jpg
Shigatsu wa Kimi no Uso;maps/myanimelist_most_popular_200/67177.jpg
Psycho-Pass;maps/myanimelist_most_popular_200/43399.jpg
One Piece;maps/myanimelist_most_popular_200/73245.jpg
Boku dake ga Inai Machi;maps/myanimelist_most_popular_200/77957.jpg
Boku no Hero Academia 2nd Season;maps/myanimelist_most_popular_200/85221.jpg
Cowboy Bebop;maps/myanimelist_most_popular_200/19644.jpg
Durarara!!;maps/myanimelist_most_popular_200/71772.jpg
Highschool of the Dead;maps/myanimelist_most_popular_200/78311.jpg
Shingeki no Kyojin Season 2;maps/myanimelist_most_popular_200/84177.jpg
Clannad;maps/myanimelist_most_popular_200/95033.jpg
Sen to Chihiro no Kamikakushi;maps/myanimelist_most_popular_200/79597.jpg
Tokyo Ghoul √A;maps/myanimelist_most_popular_200/71777.jpg
Nanatsu no Taizai;maps/myanimelist_most_popular_200/65409.jpg
Kiseijuu: Sei no Kakuritsu;maps/myanimelist_most_popular_200/73178.jpg
Death Parade;maps/myanimelist_most_popular_200/71553.jpg
Fate/Zero;maps/myanimelist_most_popular_200/73249.jpg
Ano Hi Mita Hana no Namae wo Bokutachi wa Mada Shiranai.;maps/myanimelist_most_popular_200/79697.jpg
Bakemonogatari;maps/myanimelist_most_popular_200/75274.jpg
Neon Genesis Evangelion;maps/myanimelist_most_popular_200/21418.jpg
Kono Subarashii Sekai ni Shukufuku wo!;maps/myanimelist_most_popular_200/77831.jpg
Shokugeki no Souma;maps/myanimelist_most_popular_200/72943.jpg
Hataraku Maou-sama!;maps/myanimelist_most_popular_200/50177.jpg
Guilty Crown;maps/myanimelist_most_popular_200/33713.jpg
Mahou Shoujo Madoka★Magica;maps/myanimelist_most_popular_200/55225.jpg
Ansatsu Kyoushitsu;maps/myanimelist_most_popular_200/75639.jpg
Deadman Wonderland;maps/myanimelist_most_popular_200/75299.jpg
Koe no Katachi;maps/myanimelist_most_popular_200/96435.jpg
Clannad: After Story;maps/myanimelist_most_popular_200/24647.jpg
High School DxD;maps/myanimelist_most_popular_200/32527.jpg
Dungeon ni Deai wo Motomeru no wa Machigatteiru Darou ka;maps/myanimelist_most_popular_200/70187.jpg
Mob Psycho 100;maps/myanimelist_most_popular_200/80356.jpg
Noragami Aragoto;maps/myanimelist_most_popular_200/94850.jpg
Chuunibyou demo Koi ga Shitai!;maps/myanimelist_most_popular_200/46931.jpg
Charlotte;maps/myanimelist_most_popular_200/74683.jpg
Sakurasou no Pet na Kanojo;maps/myanimelist_most_popular_200/43643.jpg
Overlord;maps/myanimelist_most_popular_200/88019.jpg
Log Horizon;maps/myanimelist_most_popular_200/84004.jpg
Kuroshitsuji;maps/myanimelist_most_popular_200/27013.jpg
Samurai Champloo;maps/myanimelist_most_popular_200/29134.jpg
Darker than Black: Kuro no Keiyakusha;maps/myanimelist_most_popular_200/19570.jpg
Dragon Ball Z;maps/myanimelist_most_popular_200/20936.jpg
Hyouka;maps/myanimelist_most_popular_200/50521.jpg
Yahari Ore no Seishun Love Comedy wa Machigatteiru.;maps/myanimelist_most_popular_200/49459.jpg
Boku no Hero Academia 3rd Season;maps/myanimelist_most_popular_200/92084.jpg
Kaichou wa Maid-sama!;maps/myanimelist_most_popular_200/25254.jpg
Suzumiya Haruhi no Yuuutsu;maps/myanimelist_most_popular_200/75901.jpg
Kyoukai no Kanata;maps/myanimelist_most_popular_200/85468.jpg
Ouran Koukou Host Club;maps/myanimelist_most_popular_200/71992.jpg
Mononoke Hime;maps/myanimelist_most_popular_200/75919.jpg
Nisekoi;maps/myanimelist_most_popular_200/75587.jpg
Zankyou no Terror;maps/myanimelist_most_popular_200/64447.jpg
Haikyuu!!;maps/myanimelist_most_popular_200/76014.jpg
Owari no Seraph;maps/myanimelist_most_popular_200/73474.jpg
Fate/Zero 2nd Season;maps/myanimelist_most_popular_200/41125.jpg
K-On!;maps/myanimelist_most_popular_200/76120.jpg
Fate/stay night;maps/myanimelist_most_popular_200/30327.jpg
Howl no Ugoku Shiro;maps/myanimelist_most_popular_200/75810.jpg
Kuroko no Basket;maps/myanimelist_most_popular_200/50453.jpg
Kono Subarashii Sekai ni Shukufuku wo! 2;maps/myanimelist_most_popular_200/83188.jpg
Tonari no Kaibutsu-kun;maps/myanimelist_most_popular_200/39779.jpg
Magi: The Labyrinth of Magic;maps/myanimelist_most_popular_200/42773.jpg
Baccano!;maps/myanimelist_most_popular_200/14547.jpg
Black Bullet;maps/myanimelist_most_popular_200/57947.jpg
Gintama;maps/myanimelist_most_popular_200/73274.jpg
Btooom!;maps/myanimelist_most_popular_200/40977.jpg
Violet Evergarden;maps/myanimelist_most_popular_200/95088.jpg
Zero no Tsukaima;maps/myanimelist_most_popular_200/20680.jpg
Byousoku 5 Centimeter;maps/myanimelist_most_popular_200/79674.jpg
Dragon Ball;maps/myanimelist_most_popular_200/92364.jpg
Mahouka Koukou no Rettousei;maps/myanimelist_most_popular_200/61039.jpg
Black Lagoon;maps/myanimelist_most_popular_200/25596.jpg
Date A Live;maps/myanimelist_most_popular_200/44844.jpg
Ookami to Koushinryou;maps/myanimelist_most_popular_200/59401.jpg
Higurashi no Naku Koro ni;maps/myanimelist_most_popular_200/19634.jpg
Boku wa Tomodachi ga Sukunai;maps/myanimelist_most_popular_200/32873.jpg
Fate/stay night: Unlimited Blade Works;maps/myanimelist_most_popular_200/67333.jpg
Hellsing Ultimate;maps/myanimelist_most_popular_200/7333.jpg
Ansatsu Kyoushitsu 2nd Season;maps/myanimelist_most_popular_200/77966.jpg
Shokugeki no Souma: Ni no Sara;maps/myanimelist_most_popular_200/79353.jpg
Accel World;maps/myanimelist_most_popular_200/38155.jpg
Made in Abyss;maps/myanimelist_most_popular_200/86733.jpg
Danganronpa: Kibou no Gakuen to Zetsubou no Koukousei The Animation;maps/myanimelist_most_popular_200/51463.jpg
Fairy Tail (2014);maps/myanimelist_most_popular_200/60551.jpg
Darling in the FranXX;maps/myanimelist_most_popular_200/90408.jpg
Gekkan Shoujo Nozaki-kun;maps/myanimelist_most_popular_200/66083.jpg
ReLIFE;maps/myanimelist_most_popular_200/82149.jpg
Toaru Majutsu no Index;maps/myanimelist_most_popular_200/75533.jpg
Tonari no Totoro;maps/myanimelist_most_popular_200/75923.jpg
Shinsekai yori;maps/myanimelist_most_popular_200/36775.jpg
Kimi ni Todoke;maps/myanimelist_most_popular_200/17890.jpg
Toki wo Kakeru Shoujo;maps/myanimelist_most_popular_200/2432.jpg
High School DxD New;maps/myanimelist_most_popular_200/47729.jpg
D.Gray-man;maps/myanimelist_most_popular_200/75194.jpg
FLCL;maps/myanimelist_most_popular_200/77356.jpg
Mushishi;maps/myanimelist_most_popular_200/73862.jpg
Golden Time;maps/myanimelist_most_popular_200/52091.jpg
Ore no Imouto ga Konnani Kawaii Wake ga Nai;maps/myanimelist_most_popular_200/24875.jpg
Prison School;maps/myanimelist_most_popular_200/74231.jpg
Kokoro Connect;maps/myanimelist_most_popular_200/39665.jpg
JoJo no Kimyou na Bouken (TV);maps/myanimelist_most_popular_200/40409.jpg
Kobayashi-san Chi no Maid Dragon;maps/myanimelist_most_popular_200/85434.jpg
K;maps/myanimelist_most_popular_200/47607.jpg
Shingeki no Kyojin Season 3;maps/myanimelist_most_popular_200/92110.jpg
Claymore;maps/myanimelist_most_popular_200/21834.jpg
Nichijou;maps/myanimelist_most_popular_200/75617.jpg
Kekkai Sensen;maps/myanimelist_most_popular_200/73559.jpg
Magi: The Kingdom of Magic;maps/myanimelist_most_popular_200/55039.jpg
Gate: Jieitai Kanochi nite, Kaku Tatakaeri;maps/myanimelist_most_popular_200/76222.jpg
Koutetsujou no Kabaneri;maps/myanimelist_most_popular_200/79164.jpg
Hellsing;maps/myanimelist_most_popular_200/19956.jpg
Danshi Koukousei no Nichijou;maps/myanimelist_most_popular_200/33257.jpg
One Punch Man 2nd Season;maps/myanimelist_most_popular_200/99571.jpg
Bungou Stray Dogs;maps/myanimelist_most_popular_200/79409.jpg
NHK ni Youkoso!;maps/myanimelist_most_popular_200/52675.jpg
Kore wa Zombie Desu ka?;maps/myanimelist_most_popular_200/75521.jpg
Baka to Test to Shoukanjuu;maps/myanimelist_most_popular_200/50389.jpg
Yahari Ore no Seishun Love Comedy wa Machigatteiru. Zoku;maps/myanimelist_most_popular_200/75376.jpg
Rosario to Vampire;maps/myanimelist_most_popular_200/75242.jpg
Ookami Kodomo no Ame to Yuki;maps/myanimelist_most_popular_200/35721.jpg
Trigun;maps/myanimelist_most_popular_200/20310.jpg
Mahoutsukai no Yome;maps/myanimelist_most_popular_200/88476.jpg
InuYasha;maps/myanimelist_most_popular_200/95329.jpg
Lucky☆Star;maps/myanimelist_most_popular_200/15010.jpg
Nisemonogatari;maps/myanimelist_most_popular_200/35619.jpg
Plastic Memories;maps/myanimelist_most_popular_200/72750.jpg
Haikyuu!! Second Season;maps/myanimelist_most_popular_200/76662.jpg
Rakudai Kishi no Cavalry;maps/myanimelist_most_popular_200/76493.jpg
Monster;maps/myanimelist_most_popular_200/18793.jpg
Great Teacher Onizuka;maps/myanimelist_most_popular_200/11460.jpg
Trinity Seven;maps/myanimelist_most_popular_200/67795.jpg
Kuroko no Basket 2nd Season;maps/myanimelist_most_popular_200/56155.jpg
Kami nomi zo Shiru Sekai;maps/myanimelist_most_popular_200/43361.jpg
Hai to Gensou no Grimgar;maps/myanimelist_most_popular_200/77976.jpg
School Days;maps/myanimelist_most_popular_200/86373.jpg
Watashi ga Motenai no wa Dou Kangaetemo Omaera ga Warui!;maps/myanimelist_most_popular_200/51619.jpg
Fate/stay night: Unlimited Blade Works 2nd Season;maps/myanimelist_most_popular_200/72863.jpg
Free!;maps/myanimelist_most_popular_200/51107.jpg
Akatsuki no Yona;maps/myanimelist_most_popular_200/64225.jpg
Shakugan no Shana;maps/myanimelist_most_popular_200/21197.jpg
Blood Lad;maps/myanimelist_most_popular_200/47677.jpg
Ao Haru Ride;maps/myanimelist_most_popular_200/64813.jpg
Kakegurui;maps/myanimelist_most_popular_200/86578.jpg
Zetsuen no Tempest;maps/myanimelist_most_popular_200/42453.jpg
IS: Infinite Stratos;maps/myanimelist_most_popular_200/74045.jpg
Yamada-kun to 7-nin no Majo;maps/myanimelist_most_popular_200/73700.jpg
High School DxD BorN;maps/myanimelist_most_popular_200/73642.jpg
Ergo Proxy;maps/myanimelist_most_popular_200/6259.jpg
Vampire Knight;maps/myanimelist_most_popular_200/7327.jpg
Koukaku Kidoutai;maps/myanimelist_most_popular_200/82594.jpg
Barakamon;maps/myanimelist_most_popular_200/65427.jpg
Higashi no Eden;maps/myanimelist_most_popular_200/15033.jpg
Shimoneta to Iu Gainen ga Sonzai Shinai Taikutsu na Sekai;maps/myanimelist_most_popular_200/75106.jpg
Kiznaiver;maps/myanimelist_most_popular_200/78466.jpg
Bakuman.;maps/myanimelist_most_popular_200/26138.jpg
Kotonoha no Niwa;maps/myanimelist_most_popular_200/79676.jpg
Strike the Blood;maps/myanimelist_most_popular_200/56163.jpg
Nanatsu no Taizai: Imashime no Fukkatsu;maps/myanimelist_most_popular_200/90089.jpg
Hotarubi no Mori e;maps/myanimelist_most_popular_200/38229.jpg
Psycho-Pass 2;maps/myanimelist_most_popular_200/100616.jpg
Rokka no Yuusha;maps/myanimelist_most_popular_200/74374.jpg
Akira;maps/myanimelist_most_popular_200/82596.jpg
Katekyo Hitman Reborn!;maps/myanimelist_most_popular_200/80000.jpg
Suzumiya Haruhi no Shoushitsu;maps/myanimelist_most_popular_200/73842.jpg
To LOVE-Ru;maps/myanimelist_most_popular_200/22544.jpg
Shiki;maps/myanimelist_most_popular_200/21343.jpg
Overlord II;maps/myanimelist_most_popular_200/89562.jpg
K-On!!;maps/myanimelist_most_popular_200/76121.jpg
Amagi Brilliant Park;maps/myanimelist_most_popular_200/85435.jpg
Seishun Buta Yarou wa Bunny Girl Senpai no Yume wo Minai;maps/myanimelist_most_popular_200/93586.jpg
